{"cameraMode":{"drawMode":0,"name":"Shaded","section":"Shading Mode"},"sceneLighting":true,"audioPlay":false,"sceneViewState":{"showFog":true,"showMaterialUpdate":false,"showSkybox":true,"showFlares":true,"showImageEffects":true,"showParticleSystems":true,"showVisualEffectGraphs":true,"m_FxEnabled":true},"in2DMode":false,"pivot":{"x":77.72438049316406,"y":0.8429555892944336,"z":79.2403335571289},"rotation":{"x":0.047933414578437808,"y":0.12254980951547623,"z":-0.005881198216229677,"w":0.9913586378097534},"size":14.449572563171387,"orthographic":false}