{"cameraMode":{"drawMode":0,"name":"Shaded","section":"Shading Mode"},"sceneLighting":false,"audioPlay":false,"sceneViewState":{"showFog":true,"showMaterialUpdate":false,"showSkybox":false,"showFlares":true,"showImageEffects":true,"showParticleSystems":true,"showVisualEffectGraphs":true,"m_FxEnabled":true},"in2DMode":false,"pivot":{"x":0.000019885599613189697,"y":1.9334008693695069,"z":-7.897615432739258e-7},"rotation":{"x":0.11548780649900437,"y":-0.03426814079284668,"z":0.00401702057570219,"w":0.9927773475646973},"size":1.9628021717071534,"orthographic":false}