{"cameraMode":{"drawMode":0,"name":"Shaded","section":"Shading Mode"},"sceneLighting":false,"audioPlay":false,"sceneViewState":{"showFog":true,"showMaterialUpdate":false,"showSkybox":false,"showFlares":true,"showImageEffects":true,"showParticleSystems":true,"showVisualEffectGraphs":true,"m_FxEnabled":true},"in2DMode":false,"pivot":{"x":69.31156158447266,"y":2.260000467300415,"z":48.321441650390628},"rotation":{"x":-0.03762666508555412,"y":0.09520212560892105,"z":-0.0036365871783345939,"w":-0.9948021769523621},"size":1.9628041982650757,"orthographic":false}